[{"time":"16/12/2007 0:23","latitude":"-36.7888031","longitude":"145.0392914","gAtt":"154.9","utc_time":"15/12/2007 22:23"},{"time":"16/12/2007 0:23","latitude":"-36.78874588","longitude":"145.0392914","gAtt":"154.9","utc_time":"15/12/2007 22:23"},{"time":"16/12/2007 0:23","latitude":"-36.78868485","longitude":"145.0393066","gAtt":"154.9","utc_time":"15/12/2007 22:23"},{"time":"16/12/2007 0:23","latitude":"-36.78860855","longitude":"145.0393372","gAtt":"154.9","utc_time":"15/12/2007 22:23"},{"time":"16/12/2007 0:23","latitude":"-36.78853989","longitude":"145.0393524","gAtt":"154.9","utc_time":"15/12/2007 22:23"},{"time":"16/12/2007 0:23","latitude":"-36.78845596","longitude":"145.0393677","gAtt":"154.9","utc_time":"15/12/2007 22:23"},{"time":"16/12/2007 0:23","latitude":"-36.78834915","longitude":"145.0394135","gAtt":"154.9","utc_time":"15/12/2007 22:23"},{"time":"16/12/2007 0:23","latitude":"-36.78823853","longitude":"145.039444","gAtt":"154.9","utc_time":"15/12/2007 22:23"},{"time":"16/12/2007 0:23","latitude":"-36.78809357","longitude":"145.0394592","gAtt":"154.9","utc_time":"15/12/2007 22:23"},{"time":"16/12/2007 0:23","latitude":"-36.78790665","longitude":"145.0395203","gAtt":"154.9","utc_time":"15/12/2007 22:23"},{"time":"16/12/2007 0:23","latitude":"-36.78778839","longitude":"145.0395355","gAtt":"154.9","utc_time":"15/12/2007 22:23"},{"time":"16/12/2007 0:23","latitude":"-36.78766632","longitude":"145.0395355","gAtt":"154.9","utc_time":"15/12/2007 22:23"},{"time":"16/12/2007 0:23","latitude":"-36.78753662","longitude":"145.0395355","gAtt":"154.9","utc_time":"15/12/2007 22:23"},{"time":"16/12/2007 0:23","latitude":"-36.78738785","longitude":"145.0395355","gAtt":"154.9","utc_time":"15/12/2007 22:23"},{"time":"16/12/2007 0:23","latitude":"-36.78722763","longitude":"145.0395355","gAtt":"154.9","utc_time":"15/12/2007 22:23"},{"time":"16/12/2007 0:23","latitude":"-36.78705215","longitude":"145.0395355","gAtt":"154.9","utc_time":"15/12/2007 22:23"},{"time":"16/12/2007 0:23","latitude":"-36.78687668","longitude":"145.0395508","gAtt":"154.9","utc_time":"15/12/2007 22:23"},{"time":"16/12/2007 0:23","latitude":"-36.78668976","longitude":"145.0395508","gAtt":"154.9","utc_time":"15/12/2007 22:23"},null,null,null,null,null,null,null,null,null,null,null,null,null,null,null,null,null,null,null,null,null,null,null,null,null,null,null,null,null,null,null,null,null,null,null,null,null,null,null,null,null,null,null,null,null,null,null,null,null,null,null,null,null,null,null,null,null,null,null,null,null,null,null,null,null,null,null,null,null,null,null,null,null,null,null,null,null,null,null,null,null,null,null,null,null,null,null,null,null,null,null,null,null,null,null,null,null,null,null,null,null,null,null,null,null,null,null,null,null,null,null,null,null,null,null,null,null,null,null,null,null,null,null,null,null,null,null,null,null,null,null,null,null,null,null,null,null,null,null,null,null,null,null,null,null,null,null,null,null,null,null,null,null,null,null,null,null,null,null,null,null,null,null,null,null,null,null,null,null,null,null,null,null,null,null,null,null,null,null,null,null,null,null,null,null,null,null,null,null,null,null,null,null,null,null,null,null,null,null,null,null,null,null,null,null,null,null,null,null,null,null,null,null,null,null,null,null,null,null,null,null,null,null,null,null,null,null,null,null,null,null,null,null,null,null,null,null,null,null,null,null,null,null,null,null,null,null,null,null,null,null,null,null,null,null,null,null,null,null,null,null,null,null,null,null,null,null,null,null,null,null,null,null,null,null,null,null,null,null,null,null,null,null,null,null,null,null,null,null,null,null,null,null,null,null,null,null,null,null,null,null,null,null,null,null,null,null,null,null,null,null,null,null,null,null,null,null,null,null,null,null,null,null,null,null,null,null,null,null,null,null,null,null,null,null,null,null,null,null,null,null,null,null,null,null,null,null,null,null,null,null,null,null,null,null,null,null,null,null,null,null,null,null,null,null,null,null,null,null,null,null,null,null,null,null,null,null,null,null,null,null,null,null,null,null,null,null,null,null,null,null,null,null,null,null,null,null,null,null,null,null,null,null,null,null,null,null,null,null,null,null,null,null,null,null,null,null,null,null,null,null,null,null,null,null,null,null,null,null,null,null,null,null,null,null,null,null,null,null,null,null,null,null,null,null,null,null,null,null,null,null,null,null,null,null,null,null,null,null,null,null,null,null,null,null,null,null,null,null,null,null,null,null,null,null,null,null,null,null,null,null,null,null,null,null,null,null,null,null,null,null,null,null,null,null,null,null,null,null,null,null,null,null,null,null,null,null,null,null,null,null,null,null,null,null,null,null,null,null,null,null,null,null,null,null,null,null,null,null,null,null,null,null,null,null,null,null,null,null,null,null,null,null,null,null,null,null,null,null,null,null,null,null,null,null,null,null,null,null,null,null,null,null,null,null,null,null,null,null,null,null,null,null,null,null,null,null,null,null,null,null,null,null,null,null,null,null,null,null,null,null,null,null,null,null,null,null,null,null,null,null,null,null,null,null,null,null,null,null,null,null,null,null,null,null,null,null,null,null,null,null,null,null,null,null,null,null,null,null,null,null,null,null,null,null,null,null,null,null,null,null,null,null,null,null,null,null,null,null,null,null,null,null,null,null,null,null,null,null,null,null,null,null,null,null,null,null,null,null,null,null,null,null,null,null,null,null,null,null,null,null,null,null,null,null,null,null,null,null,null,null,null,null,null,null,null,null,null,null,null,null,null,null,null,null,null,null,null,null,null,null,null,null,null,null,null,null,null,null,null,null,null,null,null,null,null,null,null,null,null,null,null,null,null,null,null,null,null,null,null,null,null,null,null,null,null,null,null,null,null,null,null,null,null,null,null,null,null,null,null,null,null,null,null,null,null,null,null,null,null,null,null,null,null,null,null,null,null,null,null,null,null,null,null,null,null,null,null,null,null,null,null,null,null,null,null,null,null,null,null,null,null,null,null,null,null,null,null,null,null,null,null,null,null,null,null,null,null,null,null,null,null,null,null,null,null,null,null,null,null,null,null,null,null,null,null,null,null,null,null,null,null,null,null,null,null,null,null,null,null,null,null,null,null,null,null,null,null,null,null,null,null,null,null,null,null,null,null,null,null,null,null,null,null,null,null,null,null,null,null,null,null,null,null,null,null,null,null,null,null,null,null,null,null,null,null,null,null,null,null,null,null,null,null,null,null]