<?xml version="1.0" encoding="UTF-8" standalone="yes"?>
<root>
  <0>
    <time>16/12/2007 0:23</time>
    <latitude>-36.7888031</latitude>
    <longitude>145.0392914</longitude>
    <gAtt>154.9</gAtt>
    <utc_time>15/12/2007 22:23</utc_time>
  </0>
  <1>
    <time>16/12/2007 0:23</time>
    <latitude>-36.78874588</latitude>
    <longitude>145.0392914</longitude>
    <gAtt>154.9</gAtt>
    <utc_time>15/12/2007 22:23</utc_time>
  </1>
  <2>
    <time>16/12/2007 0:23</time>
    <latitude>-36.78868485</latitude>
    <longitude>145.0393066</longitude>
    <gAtt>154.9</gAtt>
    <utc_time>15/12/2007 22:23</utc_time>
  </2>
  <3>
    <time>16/12/2007 0:23</time>
    <latitude>-36.78860855</latitude>
    <longitude>145.0393372</longitude>
    <gAtt>154.9</gAtt>
    <utc_time>15/12/2007 22:23</utc_time>
  </3>
  <4>
    <time>16/12/2007 0:23</time>
    <latitude>-36.78853989</latitude>
    <longitude>145.0393524</longitude>
    <gAtt>154.9</gAtt>
    <utc_time>15/12/2007 22:23</utc_time>
  </4>
  <5>
    <time>16/12/2007 0:23</time>
    <latitude>-36.78845596</latitude>
    <longitude>145.0393677</longitude>
    <gAtt>154.9</gAtt>
    <utc_time>15/12/2007 22:23</utc_time>
  </5>
  <6>
    <time>16/12/2007 0:23</time>
    <latitude>-36.78834915</latitude>
    <longitude>145.0394135</longitude>
    <gAtt>154.9</gAtt>
    <utc_time>15/12/2007 22:23</utc_time>
  </6>
  <7>
    <time>16/12/2007 0:23</time>
    <latitude>-36.78823853</latitude>
    <longitude>145.039444</longitude>
    <gAtt>154.9</gAtt>
    <utc_time>15/12/2007 22:23</utc_time>
  </7>
  <8>
    <time>16/12/2007 0:23</time>
    <latitude>-36.78809357</latitude>
    <longitude>145.0394592</longitude>
    <gAtt>154.9</gAtt>
    <utc_time>15/12/2007 22:23</utc_time>
  </8>
  <9>
    <time>16/12/2007 0:23</time>
    <latitude>-36.78790665</latitude>
    <longitude>145.0395203</longitude>
    <gAtt>154.9</gAtt>
    <utc_time>15/12/2007 22:23</utc_time>
  </9>
  <10>
    <time>16/12/2007 0:23</time>
    <latitude>-36.78778839</latitude>
    <longitude>145.0395355</longitude>
    <gAtt>154.9</gAtt>
    <utc_time>15/12/2007 22:23</utc_time>
  </10>
  <11>
    <time>16/12/2007 0:23</time>
    <latitude>-36.78766632</latitude>
    <longitude>145.0395355</longitude>
    <gAtt>154.9</gAtt>
    <utc_time>15/12/2007 22:23</utc_time>
  </11>
  <12>
    <time>16/12/2007 0:23</time>
    <latitude>-36.78753662</latitude>
    <longitude>145.0395355</longitude>
    <gAtt>154.9</gAtt>
    <utc_time>15/12/2007 22:23</utc_time>
  </12>
  <13>
    <time>16/12/2007 0:23</time>
    <latitude>-36.78738785</latitude>
    <longitude>145.0395355</longitude>
    <gAtt>154.9</gAtt>
    <utc_time>15/12/2007 22:23</utc_time>
  </13>
  <14>
    <time>16/12/2007 0:23</time>
    <latitude>-36.78722763</latitude>
    <longitude>145.0395355</longitude>
    <gAtt>154.9</gAtt>
    <utc_time>15/12/2007 22:23</utc_time>
  </14>
  <15>
    <time>16/12/2007 0:23</time>
    <latitude>-36.78705215</latitude>
    <longitude>145.0395355</longitude>
    <gAtt>154.9</gAtt>
    <utc_time>15/12/2007 22:23</utc_time>
  </15>
  <16>
    <time>16/12/2007 0:23</time>
    <latitude>-36.78687668</latitude>
    <longitude>145.0395508</longitude>
    <gAtt>154.9</gAtt>
    <utc_time>15/12/2007 22:23</utc_time>
  </16>
  <17>
    <time>16/12/2007 0:23</time>
    <latitude>-36.78668976</latitude>
    <longitude>145.0395508</longitude>
    <gAtt>154.9</gAtt>
    <utc_time>15/12/2007 22:23</utc_time>
  </17>
</root>